index,symptoms,occurrence,percentage
0,Anxiety and nervousness,49,"['88', '51', '52', '30', '36', '31', '32', '40', '33', '48', '43', '55', '31', '41', '35', '39', '28', '25', '82', '44', '27', '24', '27', '45', '72', '43', '51', '32', '53', '32', '28', '32', '76', '32', '82', '70', '41', '42', '66', '50', '47', '37', '59', '30', '68', '51', '27', '77', '53']"
1,Depression,55,"['55', '27', '29', '63', '29', '52', '57', '36', '34', '28', '52', '26', '34', '58', '62', '27', '41', '40', '39', '32', '43', '38', '27', '38', '36', '76', '41', '40', '32', '35', '51', '40', '39', '81', '46', '32', '60', '43', '67', '66', '48', '54', '66', '50', '47', '55', '60', '54', '56', '68', '42', '31', '28', '36', '45']"
2,Shortness of breath,103,"['40', '35', '61', '30', '38', '26', '61', '69', '43', '41', '28', '76', '52', '72', '46', '28', '85', '63', '70', '26', '46', '27', '66', '40', '49', '25', '72', '33', '24', '77', '74', '24', '36', '78', '42', '41', '28', '29', '29', '28', '52', '49', '69', '24', '35', '44', '24', '43', '45', '39', '53', '44', '46', '77', '68', '48', '84', '38', '56', '28', '33', '35', '31', '33', '43', '62', '43', '52', '48', '37', '31', '84', '26', '48', '68', '54', '77', '51', '38', '47', '52', '43', '53', '35', '51', '26', '26', '24', '51', '30', '31', '71', '26', '76', '33', '47', '70', '59', '44', '30', '77', '28', '73']"
3,Depressive or psychotic ,83,"['33', '45', '43', '29', '28', '40', '83', '24', '27', '36', '32', '24', '54', '47', '43', '50', '63', '45', '53', '64', '33', '49', '27', '68', '40', '28', '69', '46', '40', '54', '52', '60', '35', '55', '25', '49', '29', '44', '41', '48', '36', '33', '32', '38', '35', '32', '74', '26', '35', '57', '51', '73', '57', '35', '60', '60', '52', '33', '25', '57', '25', '53', '27', '54', '74', '83', '63', '50', '75', '30', '60', '72', '31', '47', '70', '33', '47', '43', '48', '54', '54', '51', '60']"
4,Sharp chest pain,113,"['33', '35', '53', '42', '68', '34', '59', '37', '25', '89', '55', '55', '64', '40', '32', '72', '38', '80', '42', '65', '44', '39', '48', '36', '88', '94', '53', '44', '67', '48', '30', '40', '29', '61', '30', '39', '49', '25', '40', '29', '38', '42', '43', '46', '40', '61', '26', '25', '26', '27', '26', '44', '32', '27', '53', '26', '28', '29', '36', '37', '24', '29', '90', '24', '47', '27', '54', '34', '26', '40', '51', '25', '46', '56', '57', '39', '70', '31', '32', '33', '34', '26', '39', '25', '57', '29', '41', '66', '66', '42', '37', '34', '76', '82', '50', '24', '27', '65', '25', '92', '30', '37', '77', '33', '26', '25', '41', '47', '47', '59', '28', '65', '30']"
5,Dizziness,107,"['24', '47', '37', '60', '53', '42', '42', '36', '49', '28', '30', '43', '36', '24', '30', '36', '28', '29', '70', '26', '39', '49', '53', '25', '49', '27', '28', '39', '53', '67', '29', '84', '28', '77', '32', '25', '29', '33', '52', '32', '97', '35', '27', '26', '26', '24', '33', '30', '34', '39', '29', '47', '25', '66', '98', '57', '29', '86', '47', '28', '48', '45', '34', '27', '34', '32', '32', '35', '24', '38', '28', '25', '31', '27', '42', '51', '26', '35', '29', '36', '51', '37', '63', '52', '27', '80', '30', '35', '27', '27', '26', '45', '70', '48', '29', '27', '24', '34', '28', '41', '31', '44', '53', '32', '41', '25', '26']"
6,Insomnia,37,"['18', '13', '25', '23', '16', '12', '19', '76', '21', '21', '13', '21', '24', '13', '51', '22', '15', '18', '46', '18', '13', '23', '15', '36', '14', '25', '23', '23', '20', '16', '23', '24', '14', '15', '41', '20', '34']"
7,Abnormal involuntary movements,53,"['16', '77', '43', '14', '11', '19', '85', '29', '40', '19', '25', '27', '43', '17', '66', '19', '64', '21', '21', '29', '12', '16', '27', '14', '33', '11', '17', '55', '27', '11', '15', '26', '13', '15', '19', '37', '53', '23', '90', '22', '95', '13', '11', '41', '12', '19', '12', '13', '77', '42', '17', '11', '11']"
8,Chest tightness,39,"['14', '17', '14', '69', '18', '36', '13', '27', '12', '18', '45', '35', '11', '48', '22', '11', '26', '15', '19', '23', '47', '14', '21', '37', '11', '56', '26', '11', '15', '13', '23', '19', '27', '24', '41', '40', '17', '18', '17']"
9,Palpitations,37,"['13', '33', '12', '22', '11', '31', '24', '36', '21', '11', '42', '14', '13', '33', '73', '12', '48', '84', '14', '48', '11', '32', '67', '31', '72', '9', '18', '28', '63', '9', '13', '46', '21', '61', '11', '8', '13']"
10,Irregular heartbeat,30,"['11', '12', '5', '26', '7', '8', '21', '41', '22', '8', '9', '59', '66', '10', '70', '6', '16', '23', '13', '6', '8', '50', '8', '9', '17', '9', '32', '8', '48', '7']"
11,Breathing fast,2,"['10', '55']"
12,Hoarse voice,18,"['91', '6', '13', '5', '13', '10', '3', '45', '12', '11', '12', '12', '5', '48', '5', '7', '18', '83']"
13,Sore throat,55,"['47', '42', '44', '35', '66', '100', '59', '40', '42', '62', '40', '85', '33', '41', '31', '80', '26', '28', '27', '44', '94', '28', '81', '47', '45', '43', '48', '33', '49', '83', '31', '35', '55', '26', '82', '60', '29', '44', '75', '63', '32', '77', '30', '33', '47', '41', '100', '95', '56', '54', '75', '24', '27', '87', '60']"
14,Difficulty speaking,44,"['27', '33', '29', '22', '12', '11', '3', '45', '10', '5', '5', '4', '6', '14', '6', '11', '33', '6', '9', '9', '11', '21', '4', '13', '3', '42', '9', '41', '24', '34', '7', '30', '14', '12', '3', '4', '27', '7', '20', '4', '19', '12', '14', '23']"
15,Cough,112,"['27', '35', '24', '64', '74', '51', '65', '81', '42', '36', '83', '33', '25', '81', '75', '31', '56', '67', '69', '83', '35', '41', '25', '39', '36', '33', '33', '26', '48', '89', '62', '71', '28', '41', '73', '26', '27', '88', '82', '48', '33', '41', '69', '25', '32', '34', '39', '27', '43', '65', '30', '53', '98', '25', '24', '43', '67', '51', '28', '33', '91', '59', '40', '28', '92', '56', '28', '40', '94', '25', '45', '85', '51', '31', '25', '32', '36', '62', '86', '31', '26', '45', '38', '90', '87', '72', '29', '42', '32', '31', '62', '41', '29', '47', '47', '77', '27', '30', '43', '59', '27', '40', '24', '27', '49', '29', '79', '43', '24', '33', '45', '38']"
16,Nasal congestion,64,"['27', '42', '39', '63', '75', '32', '63', '27', '75', '34', '39', '58', '54', '24', '33', '50', '57', '59', '36', '41', '84', '45', '45', '44', '29', '83', '28', '72', '84', '27', '44', '88', '58', '25', '76', '40', '35', '66', '66', '28', '69', '25', '49', '67', '32', '42', '63', '26', '35', '33', '45', '24', '30', '41', '72', '43', '38', '46', '37', '79', '46', '55', '40', '42']"
17,Throat swelling,9,"['19', '19', '4', '4', '18', '20', '8', '10', '20']"
18,Diminished hearing,35,"['19', '27', '69', '37', '63', '85', '24', '91', '94', '66', '48', '17', '18', '15', '21', '16', '16', '24', '25', '10', '77', '90', '27', '8', '15', '60', '8', '7', '67', '20', '52', '45', '17', '11', '9']"
19,Lump in throat,8,"['19', '7', '13', '6', '10', '12', '26', '13']"
20,Throat feels tight,17,"['11', '30', '7', '23', '7', '4', '3', '6', '10', '34', '14', '4', '3', '18', '32', '11', '16']"
21,Difficulty in swallowing,43,"['11', '23', '48', '11', '8', '71', '28', '16', '43', '12', '14', '45', '15', '26', '10', '33', '62', '23', '12', '8', '78', '27', '13', '48', '22', '13', '30', '51', '29', '10', '17', '47', '9', '29', '20', '65', '82', '18', '12', '17', '16', '19', '27']"
22,Skin swelling,63,"['11', '24', '11', '10', '11', '28', '19', '13', '8', '6', '19', '12', '45', '13', '13', '19', '10', '14', '33', '74', '6', '21', '52', '18', '12', '9', '19', '9', '23', '24', '7', '31', '20', '8', '28', '10', '17', '47', '16', '26', '19', '18', '32', '26', '31', '26', '13', '20', '10', '13', '12', '43', '8', '25', '16', '19', '27', '26', '8', '56', '12', '12', '11']"
23,Retention of urine,42,"['11', '16', '13', '24', '22', '29', '33', '16', '18', '11', '15', '19', '22', '13', '17', '55', '37', '17', '55', '30', '41', '73', '58', '46', '28', '32', '55', '64', '13', '41', '33', '13', '28', '11', '16', '24', '26', '23', '22', '13', '15', '80']"
24,Groin mass,18,"['27', '5', '15', '18', '32', '5', '15', '2', '57', '4', '3', '8', '17', '3', '13', '4', '7', '37']"
25,Leg pain,84,"['27', '30', '41', '45', '44', '35', '70', '49', '47', '29', '30', '25', '28', '55', '29', '66', '24', '43', '40', '52', '30', '42', '64', '27', '36', '37', '81', '50', '61', '28', '38', '27', '40', '31', '47', '43', '29', '51', '29', '33', '39', '27', '41', '53', '56', '56', '71', '30', '24', '41', '32', '26', '52', '40', '30', '34', '31', '47', '63', '26', '45', '70', '37', '33', '41', '45', '26', '31', '52', '52', '39', '37', '31', '25', '55', '48', '51', '50', '66', '31', '24', '61', '45', '74']"
26,Hip pain,41,"['27', '23', '84', '21', '29', '28', '29', '23', '40', '18', '31', '22', '56', '31', '41', '17', '21', '18', '83', '33', '20', '65', '93', '20', '38', '90', '21', '19', '61', '77', '28', '19', '41', '57', '82', '86', '28', '22', '29', '43', '35']"
27,Suprapubic pain,36,"['27', '22', '16', '29', '19', '11', '17', '27', '17', '27', '16', '15', '23', '61', '14', '33', '37', '68', '23', '49', '28', '17', '13', '27', '34', '31', '34', '22', '13', '64', '19', '23', '60', '17', '18', '27']"
28,Blood in stool,31,"['27', '10', '43', '21', '8', '20', '35', '65', '34', '75', '8', '7', '7', '67', '8', '17', '51', '15', '9', '33', '32', '50', '12', '17', '22', '22', '40', '6', '6', '20', '27']"
29,Lack of growth,28,"['27', '9', '6', '40', '5', '6', '4', '4', '40', '9', '10', '21', '38', '17', '6', '7', '3', '7', '6', '39', '6', '13', '30', '4', '2', '24', '6', '18']"
30,Emotional ,36,"['2', '3', '1', '4', '2', '3', '1', '3', '2', '3', '2', '1', '3', '3', '2', '2', '1', '4', '4', '2', '2', '4', '2', '4', '4', '3', '2', '1', '4', '3', '2', '2', '4', '2', '3', '4']"
31,Elbow weakness,47,"['2', '3', '2', '2', '4', '2', '3', '3', '3', '2', '3', '2', '3', '3', '3', '3', '3', '2', '2', '4', '2', '2', '4', '2', '4', '3', '4', '2', '3', '3', '5', '1', '5', '3', '4', '3', '1', '3', '4', '4', '4', '5', '3', '4', '2', '3', '3']"
32,Back weakness,11,"['2', '1', '1', '2', '2', '1', '4', '2', '1', '2', '2']"
33,Pus in sputum,8,"['2', '1', '2', '2', '1', '2', '2', '2']"
34,Symptoms of the scrotum and testes,12,"['50', '2', '17', '4', '11', '16', '76', '6', '41', '13', '4', '1']"
35,Swelling of scrotum,16,"['16', '3', '2', '75', '3', '63', '6', '4', '31', '41', '7', '14', '52', '49', '73', '16']"
36,Pain in testicles,20,"['9', '68', '10', '16', '9', '27', '41', '80', '7', '12', '14', '72', '75', '13', '12', '23', '47', '11', '91', '14']"
37,Flatulence,12,"['9', '20', '4', '6', '5', '27', '8', '10', '12', '13', '72', '19']"
38,Pus draining from ear,5,"['9', '8', '21', '6', '9']"
39,Jaundice,14,"['9', '4', '29', '9', '86', '17', '27', '24', '16', '62', '45', '38', '2', '11']"
40,Mass in scrotum,12,"['9', '20', '2', '29', '36', '71', '60', '14', '5', '37', '8', '3']"
41,White discharge from eye,14,"['9', '10', '15', '5', '5', '3', '10', '3', '6', '49', '24', '30', '36', '40']"
42,Irritable infant,15,"['9', '7', '65', '33', '10', '5', '20', '27', '27', '32', '13', '12', '13', '17', '22']"
43,Abusing alcohol,37,"['78', '24', '14', '23', '24', '56', '21', '33', '18', '21', '22', '30', '18', '79', '14', '75', '43', '55', '67', '12', '14', '49', '11', '13', '36', '13', '13', '10', '15', '50', '11', '22', '15', '10', '13', '11', '14']"
44,Fainting,52,"['64', '26', '63', '21', '19', '33', '21', '25', '27', '27', '48', '29', '36', '20', '19', '21', '33', '33', '32', '15', '18', '18', '17', '69', '32', '21', '34', '25', '51', '32', '22', '31', '16', '45', '15', '15', '72', '22', '33', '63', '25', '38', '15', '61', '37', '27', '31', '24', '25', '27', '20', '15']"
45,Hostile behavior,34,"['45', '7', '40', '13', '8', '14', '17', '21', '8', '22', '44', '6', '8', '24', '6', '11', '15', '21', '32', '6', '5', '40', '21', '31', '9', '35', '34', '18', '13', '24', '26', '16', '52', '8']"
46,Drug abuse,34,"['45', '46', '12', '76', '34', '8', '33', '18', '15', '12', '41', '22', '67', '66', '21', '41', '50', '76', '11', '60', '14', '8', '16', '18', '16', '25', '13', '9', '10', '12', '11', '12', '13', '47']"
47,Sharp abdominal pain,162,"['29', '35', '49', '70', '34', '76', '33', '35', '83', '39', '29', '84', '87', '68', '89', '59', '68', '49', '34', '63', '32', '26', '43', '25', '56', '24', '90', '65', '53', '65', '74', '32', '28', '26', '31', '49', '28', '74', '61', '36', '34', '43', '36', '63', '33', '41', '57', '56', '70', '68', '41', '42', '42', '26', '69', '53', '26', '29', '91', '45', '49', '26', '48', '53', '56', '79', '62', '38', '32', '74', '84', '56', '77', '59', '84', '43', '29', '74', '27', '31', '47', '35', '53', '85', '73', '88', '31', '37', '34', '52', '44', '72', '35', '80', '77', '72', '29', '49', '40', '30', '40', '52', '69', '31', '73', '81', '49', '38', '53', '33', '85', '42', '36', '47', '30', '82', '45', '52', '49', '34', '84', '53', '77', '60', '53', '100', '29', '61', '87', '64', '37', '51', '33', '91', '66', '24', '60', '47', '86', '37', '65', '87', '47', '53', '26', '51', '42', '38', '25', '26', '82', '48', '48', '53', '30', '28', '57', '32', '79', '36', '41', '45']"
48,Feeling ill,30,"['29', '18', '20', '10', '15', '27', '10', '13', '11', '60', '10', '28', '21', '16', '20', '10', '21', '20', '35', '36', '16', '22', '17', '17', '63', '23', '10', '19', '10', '14']"
49,Vomiting,129,"['29', '56', '84', '57', '28', '57', '24', '62', '48', '72', '43', '91', '32', '51', '25', '25', '40', '54', '65', '29', '27', '45', '32', '24', '58', '34', '36', '31', '33', '43', '42', '43', '41', '26', '44', '37', '32', '25', '44', '28', '33', '30', '46', '41', '31', '61', '24', '25', '41', '29', '30', '42', '59', '24', '85', '49', '34', '58', '31', '26', '53', '54', '37', '38', '30', '62', '51', '35', '77', '25', '35', '34', '42', '31', '93', '49', '47', '96', '25', '32', '28', '34', '35', '38', '68', '32', '45', '39', '51', '72', '83', '41', '63', '51', '53', '30', '41', '30', '34', '47', '50', '38', '40', '58', '31', '57', '93', '41', '40', '44', '47', '44', '55', '52', '41', '33', '49', '84', '53', '53', '40', '75', '41', '31', '25', '33', '52', '27', '47']"
50,Headache,152,"['29', '98', '37', '51', '37', '31', '26', '67', '40', '39', '87', '24', '66', '32', '56', '37', '28', '25', '37', '54', '63', '54', '62', '34', '40', '28', '33', '35', '83', '26', '57', '34', '24', '81', '41', '25', '25', '26', '51', '42', '60', '56', '53', '58', '50', '97', '36', '49', '27', '24', '51', '27', '54', '54', '27', '30', '44', '57', '34', '36', '43', '25', '26', '24', '34', '62', '39', '46', '62', '52', '32', '41', '31', '27', '25', '27', '63', '26', '40', '27', '34', '27', '35', '84', '36', '49', '25', '42', '32', '32', '24', '38', '39', '43', '46', '37', '36', '27', '68', '32', '46', '90', '68', '29', '94', '33', '87', '26', '25', '54', '41', '42', '33', '35', '26', '52', '49', '40', '25', '60', '54', '64', '26', '25', '30', '71', '33', '25', '41', '64', '27', '84', '30', '24', '31', '36', '48', '33', '32', '26', '27', '50', '27', '24', '30', '100', '45', '36', '31', '27', '88', '38']"
51,Nausea,111,"['29', '65', '56', '32', '52', '49', '56', '65', '51', '72', '32', '33', '35', '45', '47', '27', '55', '42', '27', '28', '27', '25', '29', '27', '28', '43', '25', '24', '72', '45', '25', '31', '34', '31', '48', '60', '27', '34', '26', '36', '25', '66', '33', '45', '27', '27', '41', '33', '27', '42', '25', '25', '53', '26', '75', '36', '25', '51', '63', '44', '33', '35', '25', '58', '51', '27', '70', '34', '49', '75', '52', '28', '83', '33', '25', '32', '32', '37', '84', '46', '62', '67', '63', '56', '31', '25', '34', '34', '24', '29', '35', '40', '48', '58', '28', '54', '85', '41', '35', '34', '51', '58', '35', '66', '77', '48', '26', '65', '45', '51', '39']"
52,Diarrhea,56,"['29', '29', '62', '38', '46', '89', '64', '24', '47', '29', '28', '27', '27', '37', '40', '45', '26', '27', '34', '33', '38', '27', '32', '34', '35', '42', '45', '51', '64', '88', '52', '45', '52', '38', '25', '63', '68', '51', '69', '52', '27', '26', '28', '49', '56', '25', '38', '47', '31', '65', '34', '40', '39', '28', '56', '28']"
53,Vaginal itching,28,"['45', '59', '79', '9', '19', '15', '10', '28', '13', '9', '7', '24', '12', '5', '8', '9', '25', '22', '33', '5', '62', '8', '24', '22', '12', '22', '50', '16']"
54,Vaginal dryness,7,"['45', '6', '2', '17', '8', '6', '1']"
55,Painful urination,41,"['40', '14', '40', '52', '22', '17', '41', '23', '36', '77', '17', '20', '51', '16', '23', '16', '28', '20', '28', '33', '84', '41', '83', '58', '36', '35', '61', '35', '17', '49', '33', '72', '22', '23', '18', '24', '65', '36', '18', '21', '16']"
56,Involuntary urination,34,"['36', '8', '22', '62', '30', '90', '23', '12', '41', '58', '32', '55', '27', '21', '10', '10', '8', '7', '14', '58', '11', '14', '8', '17', '18', '7', '18', '12', '6', '13', '14', '77', '6', '13']"
57,Pain during intercourse,16,"['31', '10', '2', '33', '2', '32', '27', '84', '7', '6', '32', '17', '1', '12', '1', '9']"
58,Frequent urination,41,"['25', '28', '36', '36', '46', '16', '20', '42', '12', '19', '33', '49', '80', '18', '28', '29', '12', '12', '39', '52', '34', '42', '22', '25', '52', '35', '51', '22', '26', '62', '19', '15', '16', '46', '37', '14', '12', '11', '11', '41', '17']"
59,Lower abdominal pain,59,"['22', '26', '32', '39', '43', '26', '35', '22', '31', '22', '48', '17', '42', '21', '52', '30', '16', '16', '20', '23', '21', '20', '22', '21', '35', '26', '23', '60', '35', '74', '51', '49', '15', '24', '23', '41', '20', '22', '15', '91', '17', '28', '22', '24', '59', '18', '22', '25', '57', '19', '60', '33', '64', '25', '26', '15', '43', '18', '33']"
60,Vaginal discharge,37,"['18', '78', '54', '13', '8', '24', '77', '8', '20', '16', '8', '14', '10', '44', '22', '13', '17', '17', '70', '52', '21', '9', '74', '10', '59', '27', '56', '11', '58', '9', '37', '13', '39', '33', '12', '92', '16']"
61,Blood in urine,44,"['14', '30', '21', '32', '22', '10', '17', '27', '53', '40', '20', '44', '18', '49', '11', '23', '22', '13', '16', '22', '37', '27', '13', '25', '15', '28', '11', '34', '37', '24', '23', '34', '16', '89', '28', '45', '10', '57', '12', '33', '17', '27', '15', '27']"
62,Hot flashes,25,"['14', '2', '6', '10', '12', '6', '7', '8', '15', '8', '6', '3', '8', '4', '17', '7', '9', '58', '19', '2', '2', '3', '9', '11', '9']"
63,Intermenstrual bleeding,28,"['14', '8', '27', '5', '11', '63', '6', '12', '8', '22', '32', '4', '19', '21', '16', '4', '3', '34', '7', '17', '3', '8', '16', '17', '5', '12', '21', '16']"
64,Hand or finger pain,41,"['71', '21', '82', '62', '66', '19', '38', '28', '22', '69', '27', '26', '84', '66', '21', '20', '83', '27', '31', '17', '25', '58', '19', '28', '45', '28', '60', '37', '25', '27', '21', '73', '41', '26', '79', '19', '30', '20', '32', '43', '73']"
65,Wrist pain,44,"['67', '34', '91', '91', '58', '32', '25', '20', '80', '14', '91', '91', '32', '29', '32', '14', '57', '91', '33', '91', '51', '12', '14', '91', '33', '32', '91', '53', '11', '91', '32', '40', '48', '91', '15', '16', '32', '24', '88', '13', '12', '91', '32', '91']"
66,Hand or finger swelling,31,"['39', '47', '17', '11', '22', '35', '19', '22', '14', '35', '36', '16', '13', '8', '34', '11', '18', '17', '19', '58', '11', '11', '28', '9', '34', '37', '23', '38', '11', '9', '65']"
67,Arm pain,53,"['23', '31', '26', '31', '61', '42', '77', '30', '50', '20', '77', '54', '30', '38', '22', '22', '28', '27', '24', '32', '45', '53', '30', '26', '26', '68', '20', '32', '49', '22', '36', '32', '34', '32', '68', '31', '41', '45', '72', '68', '20', '31', '41', '23', '21', '21', '28', '22', '29', '19', '27', '48', '25']"
68,Wrist swelling,19,"['12', '4', '10', '10', '19', '1', '6', '4', '33', '11', '1', '11', '3', '25', '37', '1', '1', '2', '4']"
69,Arm stiffness or tightness,21,"['4', '21', '1', '4', '4', '5', '51', '6', '6', '10', '36', '10', '10', '6', '7', '3', '6', '40', '5', '46', '4']"
70,Arm swelling,21,"['4', '29', '8', '4', '5', '10', '7', '14', '57', '9', '14', '5', '17', '4', '4', '13', '3', '20', '2', '7', '43']"
71,Hand or finger stiffness or tightness,20,"['3', '2', '27', '12', '8', '6', '9', '8', '4', '2', '69', '2', '2', '2', '2', '18', '3', '2', '1', '4']"
72,Wrist stiffness or tightness,3,"['2', '2', '13']"
73,Lip swelling,29,"['87', '4', '7', '63', '18', '15', '20', '12', '13', '20', '33', '31', '9', '11', '11', '25', '38', '5', '14', '3', '3', '3', '7', '8', '54', '7', '10', '10', '45']"
74,Toothache,13,"['40', '27', '28', '89', '27', '95', '93', '60', '96', '88', '86', '17', '40']"
75,Abnormal appearing skin,84,"['26', '29', '32', '26', '23', '19', '36', '21', '72', '28', '16', '46', '15', '43', '35', '47', '27', '25', '23', '74', '19', '35', '47', '23', '22', '47', '27', '23', '38', '42', '27', '19', '16', '26', '39', '33', '44', '45', '49', '22', '47', '46', '27', '34', '27', '45', '28', '37', '17', '21', '23', '21', '37', '21', '34', '21', '28', '61', '17', '31', '56', '42', '26', '19', '27', '37', '28', '20', '70', '30', '79', '42', '24', '55', '40', '64', '40', '25', '43', '35', '38', '47', '45', '46']"
76,Skin lesion,75,"['26', '22', '23', '41', '38', '70', '28', '22', '23', '24', '38', '53', '54', '56', '65', '51', '28', '21', '28', '31', '27', '57', '30', '33', '23', '23', '44', '23', '35', '75', '24', '78', '83', '26', '35', '34', '23', '28', '37', '63', '23', '32', '53', '48', '27', '25', '39', '22', '26', '58', '33', '34', '48', '39', '44', '31', '71', '30', '47', '49', '46', '53', '40', '56', '67', '47', '50', '55', '54', '43', '41', '45', '23', '29', '45']"
77,Acne or pimples,41,"['19', '9', '10', '16', '50', '16', '10', '32', '17', '8', '7', '32', '20', '8', '32', '8', '25', '17', '17', '7', '49', '7', '17', '94', '13', '10', '52', '12', '12', '29', '34', '16', '11', '22', '42', '7', '30', '20', '29', '23', '15']"
78,Dry lips,5,"['19', '9', '4', '2', '6']"
79,Facial pain,64,"['19', '30', '14', '91', '26', '26', '91', '32', '23', '19', '15', '27', '10', '91', '18', '91', '32', '46', '39', '32', '84', '91', '21', '40', '91', '12', '29', '25', '52', '91', '10', '32', '91', '19', '22', '44', '17', '91', '32', '34', '25', '72', '91', '37', '41', '12', '30', '43', '81', '11', '32', '12', '22', '60', '90', '18', '91', '18', '32', '19', '21', '91', '10', '17']"
80,Mouth ulcer,20,"['19', '10', '47', '7', '22', '2', '25', '35', '32', '3', '50', '3', '29', '6', '15', '34', '47', '82', '23', '77']"
81,Skin growth,60,"['15', '12', '21', '10', '24', '52', '7', '13', '21', '27', '34', '7', '17', '11', '30', '11', '17', '16', '20', '14', '67', '13', '14', '32', '78', '45', '25', '7', '9', '9', '21', '13', '14', '10', '24', '27', '26', '34', '25', '22', '21', '39', '35', '19', '24', '10', '80', '8', '54', '30', '22', '25', '36', '27', '63', '36', '11', '20', '10', '37']"
82,Eye deviation,6,"['41', '9', '21', '3', '33', '8']"
83,Diminished vision,64,"['39', '46', '29', '71', '32', '33', '25', '70', '76', '48', '25', '16', '55', '70', '77', '35', '78', '83', '24', '70', '62', '46', '18', '19', '32', '72', '80', '51', '68', '30', '62', '64', '25', '32', '28', '48', '79', '25', '69', '43', '71', '16', '69', '21', '83', '77', '70', '83', '67', '17', '74', '64', '39', '30', '23', '73', '47', '47', '44', '44', '49', '46', '50', '19']"
84,Double vision,23,"['36', '4', '5', '6', '53', '6', '19', '50', '5', '3', '8', '30', '5', '6', '20', '7', '8', '8', '15', '8', '2', '6', '47']"
85,Crosseyed,18,"['35', '4', '7', '6', '6', '8', '4', '4', '4', '4', '4', '2', '4', '11', '5', '4', '4', '4']"
86,Symptoms of eye,55,"['28', '6', '26', '21', '38', '35', '30', '13', '44', '29', '35', '24', '36', '19', '56', '47', '47', '21', '34', '23', '25', '27', '65', '28', '32', '18', '17', '32', '48', '39', '72', '46', '34', '17', '12', '35', '13', '27', '34', '24', '21', '19', '25', '13', '57', '43', '36', '18', '6', '15', '58', '28', '44', '60', '27']"
87,Pain in eye,77,"['14', '32', '91', '25', '20', '58', '21', '62', '86', '91', '80', '32', '16', '19', '32', '30', '21', '41', '91', '83', '56', '69', '91', '32', '67', '27', '18', '32', '18', '43', '30', '14', '30', '22', '91', '55', '91', '87', '48', '39', '50', '91', '18', '74', '32', '27', '91', '17', '21', '15', '79', '91', '19', '32', '23', '20', '76', '15', '91', '62', '31', '54', '70', '32', '66', '28', '20', '21', '44', '91', '19', '21', '32', '67', '91', '19', '66']"
88,Eye moves abnormally,9,"['11', '9', '19', '5', '6', '27', '6', '5', '2']"
89,Abnormal movement of eyelid,22,"['6', '7', '7', '22', '28', '24', '25', '3', '3', '6', '31', '9', '79', '8', '3', '4', '6', '11', '4', '36', '58', '11']"
90,Foreign body sensation in eye,30,"['6', '5', '11', '16', '15', '27', '39', '11', '19', '18', '19', '27', '9', '11', '13', '5', '24', '33', '12', '9', '12', '38', '8', '11', '11', '14', '15', '6', '30', '80']"
91,Irregular appearing scalp,30,"['3', '4', '28', '24', '4', '10', '22', '24', '8', '22', '4', '38', '2', '22', '4', '12', '14', '4', '4', '12', '13', '12', '16', '9', '49', '16', '7', '14', '23', '10']"
92,Swollen lymph nodes,15,"['3', '35', '12', '41', '15', '6', '3', '13', '53', '7', '60', '51', '11', '4', '4']"
93,Back pain,108,"['65', '68', '76', '30', '29', '38', '59', '31', '45', '25', '25', '51', '88', '63', '54', '47', '31', '26', '44', '70', '28', '41', '37', '72', '24', '28', '33', '26', '73', '28', '25', '81', '44', '78', '39', '64', '41', '26', '35', '27', '81', '24', '58', '27', '33', '49', '25', '51', '62', '25', '52', '27', '41', '36', '68', '30', '34', '51', '40', '34', '24', '71', '29', '31', '37', '25', '60', '25', '72', '31', '31', '25', '77', '37', '31', '26', '24', '46', '26', '35', '37', '65', '38', '79', '70', '63', '32', '55', '36', '66', '37', '74', '25', '26', '39', '50', '47', '30', '28', '36', '41', '84', '90', '76', '35', '24', '29', '79']"
94,Neck pain,51,"['34', '41', '28', '53', '35', '45', '66', '39', '26', '49', '25', '45', '57', '60', '26', '60', '53', '40', '89', '51', '27', '46', '36', '68', '32', '68', '86', '87', '34', '50', '53', '36', '48', '45', '25', '86', '55', '47', '31', '77', '33', '39', '47', '63', '60', '32', '33', '28', '34', '64', '30']"
95,Low back pain,40,"['25', '40', '63', '39', '83', '77', '40', '27', '50', '54', '24', '76', '32', '77', '41', '31', '58', '26', '36', '38', '33', '43', '33', '34', '34', '52', '37', '26', '34', '44', '66', '59', '51', '37', '72', '47', '85', '70', '78', '80']"
96,Pain of the anus,20,"['14', '17', '54', '11', '75', '12', '8', '26', '61', '8', '6', '12', '11', '34', '10', '71', '64', '60', '13', '4']"
97,Pain during pregnancy,47,"['14', '21', '12', '75', '91', '35', '54', '25', '91', '32', '34', '91', '19', '91', '32', '69', '10', '32', '15', '66', '91', '91', '91', '32', '53', '91', '29', '17', '52', '91', '32', '34', '21', '91', '18', '22', '32', '51', '46', '25', '38', '61', '49', '91', '32', '91', '16']"
98,Pelvic pain,57,"['14', '23', '8', '27', '22', '27', '42', '34', '44', '19', '8', '10', '10', '76', '67', '16', '20', '12', '21', '18', '15', '25', '48', '68', '22', '10', '9', '9', '23', '52', '18', '46', '10', '12', '34', '21', '10', '30', '28', '35', '50', '14', '16', '23', '23', '22', '60', '13', '17', '44', '10', '17', '22', '30', '30', '21', '22']"
99,Impotence,24,"['14', '33', '67', '10', '13', '11', '8', '15', '12', '6', '44', '26', '24', '84', '66', '18', '26', '56', '3', '26', '11', '4', '12', '44']"
100,Infant spitting up,5,"['35', '20', '2', '4', '17']"
101,Vomiting blood,19,"['35', '9', '5', '10', '18', '43', '4', '6', '77', '13', '9', '32', '13', '4', '3', '22', '19', '20', '40']"
102,Regurgitation,37,"['21', '8', '10', '10', '31', '6', '16', '11', '13', '16', '4', '12', '12', '36', '10', '49', '4', '51', '6', '34', '6', '5', '15', '5', '8', '47', '8', '23', '8', '4', '47', '32', '12', '15', '28', '4', '11']"
103,Burning abdominal pain,52,"['21', '27', '27', '45', '30', '38', '47', '22', '63', '20', '19', '18', '21', '40', '31', '21', '41', '21', '22', '32', '20', '20', '27', '33', '18', '34', '21', '40', '43', '31', '25', '38', '31', '19', '25', '37', '22', '35', '42', '41', '33', '31', '18', '28', '26', '30', '55', '23', '21', '23', '23', '46']"
104,Restlessness,13,"['21', '15', '18', '3', '3', '6', '6', '2', '4', '18', '5', '5', '11']"
105,Symptoms of infants,2,"['21', '38']"
106,Wheezing,18,"['21', '55', '25', '63', '28', '63', '25', '18', '59', '28', '27', '50', '20', '16', '16', '26', '72', '70']"
107,Peripheral edema,63,"['44', '17', '24', '47', '17', '15', '15', '13', '20', '13', '22', '28', '45', '26', '14', '30', '29', '15', '14', '44', '20', '24', '34', '14', '14', '30', '29', '57', '14', '21', '58', '22', '49', '19', '23', '13', '13', '13', '34', '31', '16', '14', '14', '13', '15', '16', '18', '29', '23', '15', '17', '72', '37', '20', '13', '77', '20', '21', '16', '27', '31', '43', '13']"
108,Neck mass,20,"['35', '22', '4', '5', '19', '10', '12', '3', '3', '4', '8', '31', '21', '43', '13', '6', '12', '46', '22', '28']"
109,Ear pain,47,"['35', '41', '40', '49', '84', '39', '63', '43', '84', '41', '53', '36', '36', '63', '70', '86', '26', '33', '24', '45', '81', '28', '24', '41', '30', '25', '31', '34', '39', '94', '80', '44', '68', '36', '24', '29', '26', '76', '42', '87', '65', '86', '75', '51', '91', '39', '32']"
110,Jaw swelling,12,"['24', '11', '20', '12', '41', '6', '13', '26', '38', '86', '1', '48']"
111,Mouth dryness,8,"['24', '4', '6', '32', '5', '3', '21', '4']"
112,Neck swelling,20,"['24', '3', '4', '7', '18', '2', '6', '74', '4', '20', '10', '6', '52', '6', '12', '40', '7', '77', '1', '43']"
113,Knee pain,45,"['84', '94', '26', '32', '33', '43', '92', '55', '52', '24', '40', '24', '90', '71', '48', '77', '95', '85', '87', '86', '48', '24', '62', '95', '44', '37', '28', '24', '100', '95', '39', '53', '42', '93', '77', '45', '73', '41', '25', '28', '26', '24', '32', '27', '53']"
114,Foot or toe pain,44,"['68', '27', '73', '23', '30', '74', '94', '42', '34', '38', '95', '22', '54', '78', '54', '36', '75', '51', '90', '44', '25', '36', '24', '34', '44', '58', '41', '46', '84', '37', '51', '28', '55', '30', '61', '80', '45', '71', '29', '27', '62', '24', '55', '45']"
115,Bowlegged or knockkneed,5,"['40', '4', '4', '4', '12']"
116,Ankle pain,43,"['35', '91', '91', '31', '32', '22', '19', '50', '86', '36', '41', '37', '91', '46', '91', '32', '35', '15', '32', '91', '18', '91', '33', '35', '91', '15', '32', '91', '35', '91', '32', '35', '49', '91', '20', '32', '46', '91', '88', '79', '32', '91', '17']"
117,Bones are painful,28,"['21', '14', '10', '4', '4', '18', '7', '26', '6', '7', '3', '6', '9', '4', '10', '7', '8', '16', '16', '41', '7', '14', '3', '5', '7', '16', '5', '11']"
118,Knee weakness,13,"['21', '11', '37', '3', '6', '5', '7', '1', '2', '12', '8', '2', '9']"
119,Elbow pain,27,"['12', '28', '39', '47', '67', '9', '14', '69', '8', '14', '11', '92', '22', '12', '18', '58', '12', '35', '8', '27', '13', '26', '41', '20', '12', '9', '19']"
120,Knee swelling,27,"['12', '30', '10', '8', '64', '4', '22', '10', '22', '23', '10', '5', '16', '34', '23', '64', '13', '30', '10', '100', '22', '31', '9', '23', '56', '4', '5']"
121,Skin moles,26,"['12', '17', '21', '23', '39', '91', '20', '34', '26', '10', '9', '20', '5', '20', '5', '79', '12', '18', '13', '56', '44', '28', '29', '38', '16', '37']"
122,Knee lump or mass,40,"['12', '91', '91', '36', '32', '11', '91', '91', '32', '20', '32', '14', '91', '91', '8', '91', '32', '11', '14', '91', '15', '91', '32', '20', '91', '8', '9', '1', '11', '9', '32', '11', '20', '11', '91', '14', '32', '20', '91', '14']"
123,Weight gain,47,"['12', '18', '17', '20', '19', '13', '17', '56', '14', '13', '12', '12', '7', '9', '8', '23', '8', '21', '10', '8', '8', '10', '15', '20', '27', '34', '13', '7', '14', '9', '8', '78', '13', '8', '8', '8', '68', '9', '26', '16', '11', '8', '12', '10', '30', '10', '28']"
124,Problems with movement,71,"['19', '17', '36', '13', '33', '65', '23', '36', '32', '29', '10', '19', '14', '18', '9', '12', '53', '51', '9', '10', '8', '25', '11', '41', '12', '22', '8', '41', '17', '22', '34', '33', '20', '20', '18', '31', '13', '10', '52', '25', '16', '15', '17', '13', '21', '53', '45', '13', '50', '17', '37', '11', '53', '9', '10', '35', '16', '26', '16', '18', '23', '34', '27', '24', '13', '11', '72', '19', '19', '14', '13']"
125,Knee stiffness or tightness,12,"['11', '36', '3', '12', '4', '8', '8', '13', '18', '17', '22', '2']"
126,Leg swelling,38,"['11', '17', '40', '36', '17', '8', '15', '22', '57', '49', '20', '11', '9', '10', '12', '18', '8', '33', '8', '14', '10', '14', '8', '15', '9', '35', '11', '13', '25', '15', '34', '45', '9', '37', '10', '14', '13', '43']"
127,Foot or toe swelling,30,"['6', '32', '6', '8', '32', '6', '10', '14', '8', '21', '43', '20', '17', '13', '13', '16', '16', '10', '42', '9', '6', '6', '24', '10', '22', '9', '7', '20', '17', '32']"
128,Heartburn,35,"['6', '11', '8', '47', '14', '13', '6', '33', '6', '27', '10', '10', '7', '22', '10', '11', '7', '8', '6', '8', '34', '6', '32', '6', '5', '4', '7', '39', '6', '19', '24', '9', '4', '21', '5']"
129,Smoking problems,15,"['6', '3', '40', '15', '24', '6', '2', '2', '49', '3', '3', '44', '5', '2', '4']"
130,Muscle pain,27,"['4', '48', '21', '14', '3', '18', '4', '22', '3', '8', '4', '4', '9', '4', '10', '8', '12', '13', '5', '14', '3', '25', '10', '19', '3', '7', '3']"
131,Infant feeding problem,8,"['1', '33', '2', '24', '1', '10', '4', '9']"
132,Recent weight loss,7,"['1', '4', '4', '17', '5', '9', '11']"
133,Problems with shape or size of breast,4,"['1', '67', '2', '8']"
134,Underweight,11,"['1', '3', '3', '2', '3', '3', '3', '3', '3', '3', '3']"
135,Difficulty eating,11,"['1', '20', '6', '33', '10', '3', '8', '8', '3', '2', '19']"
136,Scanty menstrual flow,3,"['1', '3', '37']"
137,Vaginal pain,22,"['29', '24', '14', '4', '23', '10', '8', '11', '24', '34', '24', '37', '13', '49', '4', '14', '30', '33', '77', '43', '18', '9']"
138,Vaginal redness,5,"['19', '23', '4', '1', '9']"
139,Vulvar irritation,6,"['10', '14', '36', '3', '35', '3']"
140,Weakness,89,"['23', '46', '33', '25', '49', '32', '21', '21', '52', '29', '36', '77', '40', '43', '67', '48', '45', '31', '39', '38', '40', '60', '29', '22', '39', '40', '36', '41', '33', '28', '43', '29', '26', '24', '44', '33', '29', '25', '25', '60', '28', '52', '28', '29', '42', '40', '21', '52', '22', '53', '36', '31', '30', '54', '47', '64', '22', '38', '25', '28', '28', '58', '21', '63', '21', '37', '72', '22', '51', '28', '49', '22', '23', '34', '23', '68', '27', '23', '21', '31', '22', '46', '55', '28', '32', '22', '31', '21', '28']"
141,Decreased heart rate,11,"['8', '12', '2', '8', '12', '34', '4', '2', '7', '2', '37']"
142,Increased heart rate,27,"['4', '5', '21', '6', '12', '12', '5', '11', '24', '9', '18', '13', '50', '4', '11', '14', '13', '5', '67', '8', '32', '16', '17', '4', '41', '33', '4']"
143,Bleeding or discharge from nipple,9,"['4', '2', '2', '14', '16', '21', '84', '19', '23']"
144,Ringing in ear,20,"['91', '32', '32', '59', '52', '21', '24', '18', '49', '7', '21', '8', '16', '3', '16', '8', '5', '6', '23', '37']"
145,Plugged feeling in ear,20,"['34', '32', '34', '40', '20', '53', '6', '36', '27', '14', '18', '8', '57', '34', '22', '81', '35', '6', '50', '21']"
146,Itchy ears,4,"['9', '1', '9', '14']"
147,Frontal headache,11,"['9', '56', '40', '27', '8', '15', '5', '16', '6', '13', '21']"
148,Fluid in ear,19,"['6', '42', '34', '16', '42', '4', '40', '11', '18', '6', '12', '6', '13', '38', '43', '10', '21', '9', '30']"
149,Neck stiffness or tightness,10,"['6', '4', '41', '18', '51', '5', '37', '6', '9', '21']"
150,Spots or clouds in vision,38,"['19', '33', '38', '32', '13', '20', '55', '72', '17', '22', '32', '15', '4', '31', '45', '4', '30', '26', '66', '10', '10', '39', '29', '85', '88', '33', '33', '7', '11', '6', '34', '27', '4', '29', '30', '21', '21', '11']"
151,Eye redness,38,"['16', '11', '40', '43', '15', '43', '83', '11', '66', '16', '14', '28', '76', '52', '82', '47', '74', '15', '27', '55', '44', '60', '15', '15', '47', '12', '63', '90', '57', '56', '67', '47', '28', '47', '28', '49', '87', '91']"
152,Lacrimation,34,"['13', '22', '12', '8', '24', '23', '32', '24', '10', '5', '42', '31', '68', '54', '9', '15', '46', '15', '10', '27', '13', '46', '9', '24', '23', '8', '18', '15', '21', '40', '72', '65', '30', '29']"
153,Itchiness of eye,45,"['8', '8', '25', '21', '21', '38', '21', '16', '19', '21', '6', '10', '18', '31', '11', '71', '9', '12', '12', '15', '5', '14', '31', '20', '45', '27', '15', '17', '67', '5', '15', '8', '13', '6', '15', '49', '47', '30', '4', '28', '44', '21', '84', '43', '54']"
154,Blindness,26,"['8', '7', '8', '4', '40', '5', '10', '5', '3', '13', '12', '39', '5', '65', '6', '27', '12', '9', '6', '9', '37', '2', '6', '54', '47', '49']"
155,Eye burns or stings,24,"['5', '28', '32', '5', '27', '15', '37', '8', '10', '10', '14', '33', '12', '8', '2', '9', '12', '22', '8', '8', '21', '6', '12', '19']"
156,Itchy eyelid,21,"['1', '4', '7', '5', '7', '5', '8', '4', '4', '4', '4', '4', '8', '9', '5', '9', '5', '4', '11', '5', '2']"
157,Feeling cold,8,"['1', '1', '2', '5', '6', '11', '2', '3']"
158,Decreased appetite,38,"['41', '9', '9', '23', '16', '12', '12', '23', '40', '12', '34', '14', '13', '15', '20', '26', '11', '14', '14', '9', '16', '18', '17', '14', '12', '9', '13', '23', '25', '23', '17', '11', '47', '11', '16', '13', '11', '54']"
159,Excessive appetite,9,"['24', '4', '4', '7', '2', '2', '51', '1', '3']"
160,Excessive anger,54,"['13', '91', '58', '13', '3', '91', '32', '8', '7', '17', '15', '8', '91', '91', '32', '6', '35', '32', '4', '91', '7', '91', '7', '6', '5', '91', '32', '91', '91', '32', '8', '3', '91', '42', '5', '6', '8', '14', '10', '32', '17', '4', '30', '18', '22', '91', '10', '16', '11', '32', '5', '31', '91', '4']"
161,Loss of sensation,63,"['62', '25', '33', '37', '22', '27', '19', '77', '21', '22', '21', '63', '22', '60', '78', '64', '28', '20', '27', '41', '24', '70', '43', '80', '57', '37', '20', '22', '20', '53', '37', '31', '43', '21', '37', '29', '79', '26', '37', '45', '33', '35', '79', '63', '47', '53', '63', '20', '54', '55', '21', '21', '41', '29', '69', '34', '42', '54', '49', '21', '35', '31', '24']"
162,Focal weakness,28,"['40', '4', '46', '25', '27', '28', '11', '5', '26', '82', '14', '8', '42', '25', '17', '4', '4', '50', '4', '9', '32', '9', '20', '52', '11', '14', '5', '9']"
163,Slurring words,21,"['40', '30', '19', '8', '40', '2', '12', '3', '6', '16', '9', '3', '16', '21', '4', '2', '4', '10', '2', '25', '11']"
164,Symptoms of the face,19,"['31', '4', '7', '26', '6', '41', '9', '14', '5', '67', '6', '10', '8', '3', '3', '8', '13', '25', '4']"
165,Disturbance of memory,42,"['25', '14', '20', '13', '36', '32', '34', '19', '14', '30', '8', '25', '28', '12', '14', '18', '9', '6', '30', '46', '12', '9', '73', '7', '13', '53', '32', '7', '7', '68', '6', '9', '18', '12', '15', '18', '13', '13', '81', '9', '27', '52']"
166,Paresthesia,50,"['24', '32', '18', '23', '10', '12', '10', '14', '40', '14', '18', '31', '33', '11', '12', '19', '43', '14', '20', '30', '48', '21', '13', '18', '10', '10', '26', '10', '11', '43', '22', '21', '36', '12', '32', '58', '22', '21', '47', '34', '16', '33', '12', '11', '46', '16', '54', '32', '13', '17']"
167,Side pain,46,"['75', '23', '21', '35', '19', '21', '67', '27', '22', '45', '60', '67', '24', '33', '36', '34', '36', '80', '22', '32', '20', '21', '35', '20', '21', '42', '38', '20', '27', '25', '19', '26', '23', '29', '45', '20', '31', '26', '24', '22', '25', '19', '20', '23', '23', '20']"
168,Fever,112,"['70', '42', '31', '36', '82', '62', '51', '37', '74', '40', '100', '48', '31', '70', '49', '92', '29', '24', '45', '70', '43', '45', '59', '60', '53', '24', '76', '58', '36', '62', '25', '85', '75', '35', '47', '57', '36', '25', '47', '41', '68', '32', '86', '33', '100', '68', '34', '40', '50', '49', '31', '69', '45', '25', '32', '32', '78', '36', '28', '79', '58', '63', '28', '56', '62', '77', '49', '32', '78', '31', '32', '55', '40', '86', '59', '69', '73', '87', '52', '80', '63', '80', '45', '27', '64', '29', '91', '28', '26', '35', '60', '44', '42', '24', '42', '67', '59', '91', '28', '85', '29', '27', '59', '41', '44', '36', '28', '39', '53', '83', '61', '50']"
169,Shoulder pain,44,"['94', '28', '39', '28', '36', '37', '88', '45', '35', '94', '30', '30', '42', '29', '60', '64', '85', '33', '41', '30', '32', '61', '38', '51', '32', '34', '54', '30', '91', '37', '44', '54', '32', '25', '70', '42', '41', '43', '36', '96', '25', '45', '94', '31']"
170,Shoulder stiffness or tightness,12,"['18', '1', '12', '8', '4', '14', '6', '1', '7', '16', '12', '56']"
171,Shoulder weakness,4,"['9', '16', '6', '12']"
172,Arm cramps or spasms,3,"['4', '19', '11']"
173,Shoulder swelling,23,"['2', '7', '4', '11', '6', '36', '8', '20', '14', '8', '11', '14', '20', '6', '11', '9', '6', '11', '20', '11', '7', '14', '20']"
174,Tongue lesions,14,"['2', '2', '12', '73', '31', '10', '2', '8', '4', '40', '20', '24', '44', '32']"
175,Leg cramps or spasms,34,"['2', '9', '11', '3', '4', '4', '3', '27', '2', '3', '33', '27', '3', '6', '7', '38', '3', '3', '2', '8', '2', '6', '22', '7', '8', '30', '8', '2', '2', '2', '5', '4', '4', '5']"
176,Abnormal appearing tongue,3,"['2', '3', '32']"
177,Ache all over,65,"['48', '26', '54', '24', '51', '25', '44', '30', '32', '36', '25', '29', '32', '26', '34', '77', '33', '33', '36', '40', '36', '24', '29', '26', '27', '27', '29', '36', '28', '26', '24', '35', '73', '36', '56', '28', '27', '29', '60', '32', '72', '47', '42', '25', '77', '37', '42', '56', '26', '37', '47', '37', '25', '24', '39', '25', '32', '26', '28', '36', '29', '30', '41', '31', '32']"
178,Lower body pain,37,"['8', '17', '11', '12', '41', '17', '8', '18', '12', '20', '12', '7', '11', '49', '15', '10', '12', '8', '14', '15', '14', '18', '9', '10', '26', '8', '11', '13', '8', '16', '12', '15', '19', '15', '27', '11', '35']"
179,Problems during pregnancy,30,"['49', '21', '27', '33', '19', '14', '12', '38', '11', '13', '9', '11', '51', '28', '40', '13', '44', '24', '31', '12', '24', '9', '30', '19', '74', '24', '13', '19', '38', '28']"
180,Spotting or bleeding during pregnancy,18,"['36', '67', '12', '79', '11', '36', '60', '79', '88', '8', '71', '16', '9', '8', '60', '80', '73', '28']"
181,Cramps and spasms,39,"['21', '38', '6', '4', '25', '23', '13', '14', '45', '10', '16', '25', '6', '28', '4', '10', '11', '20', '21', '8', '16', '51', '4', '6', '27', '17', '13', '4', '12', '8', '10', '5', '10', '29', '11', '4', '23', '28', '25']"
182,Upper abdominal pain,37,"['31', '59', '20', '21', '45', '49', '32', '56', '23', '47', '17', '16', '23', '12', '16', '15', '51', '20', '12', '28', '91', '20', '68', '51', '70', '57', '30', '33', '16', '18', '20', '19', '47', '26', '68', '40', '42']"
183,Stomach bloating,22,"['13', '10', '16', '7', '14', '6', '3', '6', '4', '27', '6', '17', '13', '32', '33', '4', '11', '9', '5', '2', '19', '2']"
184,Changes in stool appearance,15,"['9', '7', '7', '6', '20', '2', '39', '41', '7', '2', '4', '5', '10', '20', '22']"
185,Unusual color or odor to urine,11,"['5', '9', '9', '17', '2', '2', '2', '2', '5', '10', '2']"
186,Kidney mass,7,"['5', '32', '31', '2', '20', '35', '9']"
187,Swollen abdomen,11,"['5', '12', '14', '3', '6', '3', '2', '13', '13', '8', '24']"
188,Symptoms of prostate,18,"['5', '34', '6', '2', '13', '15', '9', '28', '34', '11', '48', '23', '14', '33', '13', '7', '15', '41']"
189,Leg stiffness or tightness,13,"['5', '4', '3', '3', '3', '3', '8', '45', '4', '16', '4', '1', '12']"
190,Difficulty breathing,46,"['26', '45', '25', '36', '30', '56', '28', '39', '45', '22', '48', '58', '37', '26', '43', '24', '24', '42', '39', '23', '35', '29', '51', '53', '56', '35', '30', '38', '32', '66', '72', '39', '28', '38', '22', '32', '30', '42', '41', '43', '31', '41', '27', '34', '37', '35']"
191,Rib pain,14,"['26', '44', '13', '51', '59', '8', '30', '15', '21', '81', '8', '41', '31', '11']"
192,Joint pain,42,"['15', '36', '10', '19', '37', '14', '11', '7', '8', '14', '22', '7', '14', '8', '10', '33', '18', '9', '24', '18', '6', '13', '13', '12', '9', '15', '9', '46', '13', '6', '12', '19', '11', '43', '60', '10', '9', '11', '7', '6', '7', '29']"
193,Muscle stiffness or tightness,7,"['4', '5', '1', '6', '2', '21', '2']"
194,Pallor,4,"['4', '1', '3', '7']"
195,Hand or finger lump or mass,7,"['4', '3', '15', '33', '9', '6', '8']"
196,Chills,31,"['17', '16', '13', '10', '22', '10', '11', '11', '16', '20', '16', '40', '26', '20', '20', '11', '19', '9', '12', '60', '9', '9', '26', '63', '38', '14', '11', '91', '15', '15', '10']"
197,Groin pain,29,"['28', '8', '7', '21', '38', '16', '22', '8', '8', '20', '14', '8', '34', '14', '9', '41', '9', '10', '15', '25', '22', '54', '13', '77', '12', '6', '7', '46', '57']"
198,Fatigue,109,"['20', '23', '91', '21', '32', '32', '20', '91', '22', '22', '32', '26', '20', '25', '30', '51', '36', '35', '41', '43', '27', '36', '47', '23', '91', '24', '67', '22', '21', '91', '32', '35', '50', '40', '46', '26', '32', '42', '51', '84', '27', '41', '41', '91', '47', '22', '91', '43', '21', '22', '48', '34', '26', '30', '39', '40', '24', '91', '28', '21', '32', '91', '23', '29', '21', '50', '21', '40', '20', '36', '31', '91', '32', '27', '27', '25', '42', '39', '27', '31', '24', '32', '22', '91', '33', '26', '68', '32', '38', '60', '29', '22', '28', '27', '41', '23', '22', '32', '27', '23', '21', '43', '91', '32', '28', '25', '31', '91', '21']"
199,Abdominal distention,3,"['16', '28', '8']"
200,Symptoms of the kidneys,27,"['5', '45', '1', '21', '16', '43', '23', '21', '2', '5', '18', '1', '10', '21', '12', '7', '11', '24', '13', '3', '8', '24', '2', '10', '1', '1', '2']"
201,Melena,20,"['5', '27', '8', '13', '5', '51', '26', '7', '8', '3', '12', '13', '2', '3', '6', '4', '7', '11', '3', '22']"
202,Flushing,2,"['9', '3']"
203,Coughing up sputum,20,"['9', '8', '23', '23', '14', '11', '6', '10', '27', '37', '38', '9', '13', '6', '8', '8', '13', '41', '6', '19']"
204,Seizures,44,"['24', '40', '90', '49', '23', '27', '51', '63', '85', '68', '36', '69', '33', '23', '21', '41', '22', '68', '43', '49', '41', '36', '53', '66', '50', '33', '45', '28', '53', '31', '21', '31', '25', '27', '54', '21', '24', '21', '46', '23', '91', '34', '30', '28']"
205,Delusions or hallucinations,48,"['7', '58', '10', '6', '11', '45', '20', '20', '15', '18', '11', '8', '22', '17', '12', '7', '8', '7', '12', '19', '18', '10', '13', '15', '8', '49', '10', '16', '59', '56', '11', '19', '7', '7', '45', '18', '13', '37', '39', '29', '8', '14', '13', '11', '6', '13', '6', '8']"
206,Shoulder cramps or spasms,20,"['91', '91', '32', '91', '91', '32', '32', '91', '91', '91', '32', '91', '91', '32', '91', '32', '91', '32', '20', '91']"
207,Joint stiffness or tightness,27,"['91', '91', '32', '91', '91', '32', '20', '32', '2', '14', '91', '91', '8', '91', '32', '91', '91', '32', '20', '91', '32', '11', '91', '14', '32', '20', '91']"
208,Pain or soreness of breast,36,"['91', '10', '91', '32', '22', '11', '91', '91', '32', '36', '32', '9', '91', '91', '58', '91', '32', '91', '9', '91', '32', '91', '9', '56', '32', '16', '53', '10', '65', '50', '91', '32', '85', '91', '21', '5']"
209,Excessive urination at night,32,"['91', '91', '6', '7', '12', '11', '91', '91', '32', '32', '15', '91', '3', '91', '22', '91', '91', '2', '6', '23', '91', '30', '11', '20', '91', '13', '2', '7', '11', '91', '91', '13']"
210,Bleeding from eye,7,"['7', '30', '6', '6', '5', '8', '32']"
211,Rectal bleeding,21,"['49', '42', '80', '40', '68', '11', '86', '15', '12', '34', '6', '34', '13', '13', '24', '21', '12', '74', '18', '23', '14']"
212,Constipation,35,"['36', '33', '19', '47', '47', '27', '16', '15', '31', '44', '86', '40', '41', '36', '22', '13', '15', '12', '32', '28', '51', '57', '90', '31', '13', '32', '14', '15', '42', '87', '26', '17', '19', '47', '16']"
213,Temper problems,32,"['58', '34', '4', '6', '9', '13', '12', '4', '12', '27', '11', '4', '6', '5', '13', '8', '8', '11', '4', '10', '10', '15', '13', '5', '8', '14', '7', '11', '9', '18', '6', '18']"
214,Coryza,34,"['40', '21', '52', '20', '39', '22', '35', '44', '31', '20', '31', '30', '44', '45', '23', '30', '20', '21', '21', '27', '41', '49', '24', '48', '21', '44', '48', '37', '23', '44', '21', '28', '37', '29']"
215,Wrist weakness,39,"['3', '3', '5', '7', '3', '3', '2', '3', '3', '3', '3', '3', '3', '8', '4', '4', '2', '11', '4', '4', '4', '3', '4', '3', '9', '3', '11', '5', '5', '4', '3', '3', '11', '4', '4', '5', '3', '4', '11']"
216,Eye strain,17,"['3', '7', '3', '3', '3', '3', '6', '20', '14', '8', '20', '3', '6', '4', '11', '14', '20']"
217,Hemoptysis,16,"['6', '8', '54', '45', '11', '4', '8', '6', '6', '5', '5', '3', '3', '3', '2', '15']"
218,Lymphedema,26,"['22', '5', '4', '8', '7', '12', '9', '11', '22', '12', '3', '2', '10', '6', '22', '8', '5', '10', '4', '16', '10', '14', '2', '2', '30', '6']"
219,Skin on leg or foot looks infected,21,"['14', '46', '6', '11', '6', '5', '10', '14', '6', '7', '24', '52', '6', '6', '4', '4', '27', '18', '29', '17', '43']"
220,Allergic reaction,35,"['11', '38', '21', '21', '40', '33', '62', '18', '65', '14', '11', '26', '85', '28', '52', '14', '32', '53', '42', '77', '27', '17', '25', '16', '10', '11', '41', '20', '22', '20', '17', '13', '35', '16', '22']"
221,Congestion in chest,12,"['8', '14', '27', '22', '43', '9', '10', '33', '9', '12', '15', '23']"
222,Muscle swelling,26,"['1', '1', '2', '1', '2', '1', '1', '2', '1', '3', '3', '2', '2', '2', '1', '2', '2', '2', '1', '2', '2', '1', '1', '2', '3', '2']"
223,Pus in urine,4,"['1', '1', '1', '1']"
224,Abnormal size or shape of ear,4,"['1', '1', '1', '2']"
225,Low back weakness,35,"['1', '3', '2', '3', '3', '1', '3', '2', '3', '1', '3', '2', '3', '3', '3', '3', '2', '1', '2', '2', '1', '2', '3', '2', '3', '1', '1', '3', '4', '2', '4', '2', '3', '2', '3']"
226,Sleepiness,23,"['37', '10', '21', '19', '40', '11', '10', '27', '31', '79', '14', '69', '30', '14', '76', '8', '36', '12', '37', '24', '11', '14', '9']"
227,Apnea,19,"['33', '10', '40', '13', '41', '14', '21', '33', '30', '77', '21', '9', '51', '13', '9', '37', '42', '17', '27']"
228,Abnormal breathing sounds,15,"['32', '10', '53', '21', '20', '51', '30', '83', '10', '31', '12', '37', '71', '48', '43']"
229,Excessive growth,43,"['4', '3', '32', '5', '4', '3', '3', '11', '3', '3', '3', '3', '20', '14', '8', '4', '4', '11', '14', '4', '4', '4', '20', '8', '9', '3', '35', '11', '5', '3', '3', '4', '11', '4', '5', '20', '3', '4', '11', '14', '20', '3', '3']"
230,Elbow cramps or spasms,42,"['4', '3', '2', '2', '4', '3', '3', '2', '3', '1', '3', '2', '3', '3', '2', '2', '2', '4', '4', '2', '2', '2', '4', '2', '1', '4', '4', '3', '5', '2', '5', '3', '4', '1', '4', '3', '2', '2', '5', '3', '3', '3']"
231,Feeling hot and cold,21,"['3', '3', '3', '3', '3', '3', '3', '3', '3', '3', '4', '3', '3', '3', '3', '3', '4', '4', '4', '3', '4']"
232,Blood clots during menstrual periods,9,"['7', '17', '10', '17', '16', '10', '13', '7', '12']"
233,Absence of menstruation,17,"['7', '2', '1', '10', '78', '6', '8', '19', '3', '2', '22', '5', '3', '3', '5', '9', '28']"
234,Pulling at ears,11,"['65', '35', '20', '32', '12', '11', '9', '13', '7', '7', '10']"
235,Gum pain,15,"['40', '45', '7', '8', '53', '45', '4', '40', '27', '37', '15', '8', '25', '38', '27']"
236,Redness in ear,21,"['27', '42', '18', '25', '34', '35', '46', '12', '68', '33', '18', '11', '36', '41', '8', '10', '49', '7', '30', '30', '6']"
237,Fluid retention,43,"['12', '28', '18', '8', '15', '12', '9', '17', '12', '12', '8', '10', '8', '6', '8', '8', '12', '18', '18', '8', '9', '44', '12', '45', '6', '9', '7', '6', '8', '6', '33', '22', '23', '7', '37', '60', '20', '20', '6', '16', '9', '10', '19']"
238,Flulike syndrome,9,"['11', '10', '11', '8', '34', '9', '11', '52', '60']"
239,Sinus congestion,13,"['37', '27', '4', '28', '4', '19', '8', '27', '6', '6', '4', '12', '4']"
240,Painful sinuses,14,"['29', '23', '34', '11', '5', '22', '13', '12', '13', '6', '5', '5', '30', '29']"
241,Fears and phobias,23,"['13', '5', '7', '3', '22', '6', '4', '2', '2', '7', '14', '3', '18', '28', '9', '15', '12', '5', '2', '6', '10', '8', '2']"
242,Recent pregnancy,10,"['33', '10', '4', '6', '34', '13', '2', '12', '6', '15']"
243,Uterine contractions,13,"['10', '67', '8', '69', '16', '24', '27', '15', '12', '27', '23', '16', '92']"
244,Burning chest pain,6,"['2', '32', '5', '1', '2', '4']"
245,Back cramps or spasms,10,"['21', '4', '4', '2', '8', '7', '6', '5', '3', '4']"
246,Stiffness all over,16,"['7', '12', '1', '7', '2', '3', '3', '1', '7', '10', '7', '10', '6', '3', '2', '7']"
247,Muscle cramps contractures,12,[]
248,or spasms,12,"['7', '2', '21', '3', '34', '27', '2', '5', '2', '3', '41', '2']"
249,Low back cramps or spasms,3,"['7', '14', '1']"
250,Back mass or lump,6,"['4', '14', '2', '37', '18', '4']"
251,Nosebleed,20,"['20', '18', '10', '17', '58', '16', '8', '17', '8', '11', '8', '15', '8', '31', '8', '15', '30', '91', '19', '34']"
252,Long menstrual periods,21,"['20', '11', '39', '20', '6', '18', '35', '4', '15', '2', '32', '12', '3', '10', '23', '3', '2', '26', '9', '21', '4']"
253,Heavy menstrual flow,24,"['37', '34', '11', '20', '20', '13', '21', '5', '14', '19', '4', '17', '7', '21', '45', '8', '77', '15', '8', '31', '6', '40', '5', '6']"
254,Unpredictable menstruation,22,"['20', '43', '15', '36', '32', '40', '10', '34', '4', '22', '35', '23', '33', '3', '16', '67', '19', '3', '5', '17', '69', '6']"
255,Painful menstruation,16,"['12', '24', '28', '28', '5', '60', '8', '17', '28', '13', '15', '10', '5', '69', '37', '9']"
256,Infertility,15,"['8', '10', '92', '15', '20', '23', '8', '47', '6', '82', '17', '25', '8', '28', '6']"
257,Frequent menstruation,4,"['17', '3', '13', '9']"
258,Sweating,26,"['17', '88', '6', '40', '6', '11', '20', '4', '8', '16', '26', '14', '10', '6', '4', '12', '10', '21', '15', '8', '6', '30', '13', '4', '8', '10']"
259,Mass on eyelid,8,"['84', '15', '23', '4', '73', '35', '4', '12']"
260,Swollen eye,26,"['45', '5', '10', '56', '10', '24', '92', '42', '57', '5', '28', '73', '13', '13', '21', '8', '7', '28', '46', '35', '6', '30', '12', '28', '41', '49']"
261,Eyelid swelling,13,"['35', '8', '30', '15', '27', '2', '6', '17', '56', '3', '26', '6', '1']"
262,Eyelid lesion or rash,12,"['35', '5', '16', '3', '48', '27', '25', '3', '21', '30', '6', '63']"
263,Unwanted hair,4,"['10', '2', '82', '9']"
264,Symptoms of bladder,18,"['10', '28', '59', '14', '23', '10', '35', '12', '44', '73', '16', '8', '8', '20', '20', '17', '3', '46']"
265,Irregular appearing nails,16,"['8', '87', '11', '7', '3', '7', '13', '3', '4', '61', '17', '7', '5', '21', '5', '65']"
266,Itching of skin,63,"['20', '13', '47', '18', '32', '32', '22', '61', '41', '18', '40', '41', '38', '40', '14', '26', '27', '20', '20', '14', '17', '86', '17', '20', '20', '26', '35', '15', '17', '22', '67', '38', '12', '21', '46', '25', '40', '21', '22', '13', '27', '71', '18', '55', '22', '29', '51', '24', '48', '44', '36', '17', '71', '77', '22', '13', '30', '16', '17', '29', '38', '47', '49']"
267,Hurts to breath,22,"['28', '23', '44', '12', '22', '12', '11', '45', '22', '7', '11', '5', '8', '11', '13', '60', '7', '5', '7', '35', '29', '6']"
268,Nailbiting,34,"['2', '7', '11', '3', '2', '3', '3', '3', '8', '4', '2', '11', '2', '4', '2', '4', '3', '4', '7', '11', '5', '5', '3', '6', '4', '3', '11', '4', '5', '3', '11', '14', '20', '4']"
269,Skin dryness peeling,37,[]
270,scaliness or roughness,37,"['12', '11', '13', '54', '42', '8', '27', '13', '49', '38', '17', '11', '14', '26', '5', '11', '10', '6', '42', '21', '14', '12', '39', '10', '36', '12', '15', '10', '22', '27', '18', '8', '4', '38', '37', '33', '4']"
271,Skin on arm or hand looks infected,17,"['7', '6', '22', '16', '8', '6', '2', '6', '52', '4', '27', '19', '5', '5', '7', '2', '67']"
272,Skin irritation,29,"['3', '13', '6', '13', '22', '4', '27', '3', '11', '3', '18', '15', '8', '3', '6', '34', '10', '8', '9', '10', '17', '10', '19', '3', '22', '6', '10', '4', '7']"
273,Itchy scalp,15,"['3', '13', '20', '49', '4', '9', '12', '32', '15', '12', '16', '3', '22', '49', '23']"
274,Hip swelling,1,['6']
275,Incontinence of stool,7,"['4', '1', '9', '8', '2', '14', '1']"
276,Foot or toe cramps or spasms,4,"['4', '4', '2', '1']"
277,Warts,28,"['87', '58', '11', '7', '24', '13', '20', '23', '17', '8', '19', '9', '8', '10', '13', '6', '16', '13', '13', '28', '10', '7', '11', '8', '30', '7', '49', '6']"
278,Bumps on penis,6,"['12', '20', '53', '4', '22', '14']"
279,Too little hair,18,"['4', '94', '11', '4', '3', '13', '15', '24', '3', '9', '11', '2', '7', '2', '4', '2', '4', '9']"
280,Foot or toe lump or mass,7,"['4', '34', '1', '8', '31', '2', '17']"
281,Skin rash,72,"['25', '26', '47', '26', '28', '69', '49', '46', '26', '30', '83', '53', '54', '85', '45', '86', '74', '41', '62', '25', '27', '68', '27', '50', '87', '57', '50', '78', '94', '31', '43', '79', '35', '84', '44', '39', '93', '64', '71', '36', '29', '97', '93', '66', '46', '38', '35', '86', '45', '38', '63', '96', '61', '88', '52', '65', '92', '28', '47', '82', '91', '52', '82', '32', '27', '30', '52', '76', '83', '64', '47', '78']"
282,Mass or swelling around the anus,6,"['8', '14', '26', '17', '6', '3']"
283,Low back swelling,1,['4']
284,Ankle swelling,16,"['8', '36', '10', '4', '14', '56', '13', '10', '13', '13', '23', '7', '4', '16', '40', '36']"
285,Hip lump or mass,2,"['22', '3']"
286,Drainage in throat,22,"['22', '54', '4', '19', '13', '4', '3', '6', '4', '6', '9', '51', '5', '21', '4', '5', '13', '24', '22', '2', '17', '13']"
287,Dry or flaky scalp,6,"['16', '12', '34', '7', '7', '17']"
288,Premenstrual tension or irritability,2,"['11', '64']"
289,Feeling hot,7,"['11', '26', '6', '3', '80', '30', '1']"
290,Feet turned in,2,"['23', '5']"
291,Foot or toe stiffness or tightness,4,"['13', '1', '1', '2']"
292,Pelvic pressure,11,"['10', '20', '14', '14', '20', '2', '5', '2', '20', '14', '20']"
293,Elbow swelling,10,"['6', '36', '10', '10', '8', '1', '14', '4', '4', '19']"
294,Elbow stiffness or tightness,1,['1']
295,Early or late onset of menopause,2,"['4', '1']"
296,Mass on ear,3,"['34', '2', '10']"
297,Bleeding from ear,12,"['21', '10', '11', '14', '2', '6', '14', '30', '21', '32', '15', '3']"
298,Hand or finger weakness,10,"['3', '27', '11', '11', '1', '36', '30', '4', '13', '9']"
299,Low selfesteem,18,"['8', '3', '4', '4', '3', '1', '12', '7', '7', '4', '2', '13', '9', '30', '15', '12', '15', '1']"
300,Throat irritation,4,"['8', '4', '22', '1']"
301,Itching of the anus,5,"['69', '8', '1', '32', '9']"
302,Swollen or red tonsils,5,"['5', '41', '10', '71', '62']"
303,Irregular belly button,13,"['18', '4', '2', '6', '86', '4', '2', '6', '11', '2', '6', '2', '7']"
304,Swollen tongue,8,"['2', '3', '9', '26', '6', '2', '24', '22']"
305,Lip sore,4,"['2', '38', '8', '30']"
306,Vulvar sore,22,"['7', '11', '6', '20', '14', '8', '11', '14', '20', '22', '8', '6', '9', '11', '5', '9', '30', '11', '20', '11', '14', '20']"
307,Hip stiffness or tightness,14,"['7', '8', '2', '3', '4', '14', '4', '4', '1', '6', '5', '5', '6', '4']"
308,Mouth pain,28,"['7', '45', '13', '22', '2', '25', '3', '8', '8', '22', '2', '15', '8', '26', '11', '52', '22', '19', '21', '14', '11', '25', '2', '47', '11', '36', '4', '5']"
309,Arm weakness,17,"['10', '2', '14', '2', '5', '3', '11', '6', '27', '7', '72', '13', '2', '6', '22', '5', '14']"
310,Leg lump or mass,9,"['3', '14', '3', '5', '17', '26', '15', '10', '2']"
311,Disturbance of smell or taste,5,"['3', '1', '13', '13', '2']"
312,Discharge in stools,3,"['6', '14', '11']"
313,Penis pain,13,"['17', '85', '58', '8', '53', '32', '7', '10', '14', '2', '53', '44', '22']"
314,Loss of sex drive,19,"['2', '20', '14', '2', '11', '14', '8', '20', '12', '49', '26', '10', '11', '11', '12', '20', '11', '14', '20']"
315,Obsessions and compulsions,12,"['8', '4', '7', '2', '6', '3', '8', '33', '7', '11', '7', '4']"
316,Antisocial behavior,11,"['2', '3', '4', '8', '45', '2', '20', '10', '8', '3', '12']"
317,Neck cramps or spasms,16,"['11', '5', '47', '20', '14', '11', '14', '2', '20', '11', '11', '47', '20', '11', '14', '20']"
318,Pupils unequal,2,"['19', '23']"
319,Poor circulation,7,"['1', '1', '4', '34', '16', '5', '8']"
320,Thirst,7,"['1', '2', '7', '60', '3', '4', '16']"
321,Sleepwalking,1,['33']
322,Skin oiliness,1,['14']
323,Sneezing,8,"['14', '7', '5', '20', '14', '8', '25', '15']"
324,Bladder mass,4,"['20', '9', '2', '8']"
325,Knee cramps or spasms,2,"['1', '1']"
326,Premature ejaculation,3,"['33', '7', '54']"
327,Leg weakness,33,"['12', '53', '12', '6', '11', '36', '7', '4', '16', '6', '13', '3', '3', '18', '6', '4', '27', '3', '3', '8', '42', '3', '7', '5', '4', '16', '8', '19', '5', '55', '4', '7', '9']"
328,Posture problems,1,['43']
329,Bleeding in mouth,7,"['18', '6', '3', '25', '8', '14', '9']"
330,Tongue bleeding,1,['18']
331,Change in skin mole size or color,3,"['4', '20', '7']"
332,Penis redness,11,"['2', '20', '73', '1', '6', '3', '15', '35', '1', '52', '1']"
333,Penile discharge,7,"['2', '72', '23', '74', '59', '15', '4']"
334,Shoulder lump or mass,4,"['1', '4', '3', '26']"
335,Polyuria,3,"['5', '2', '11']"
336,Cloudy eye,4,"['19', '6', '7', '4']"
337,Hysterical behavior,8,"['4', '2', '3', '5', '7', '4', '2', '8']"
338,Arm lump or mass,9,"['8', '57', '9', '35', '41', '6', '14', '5', '25']"
339,Nightmares,6,"['2', '2', '4', '1', '2', '4']"
340,Bleeding gums,9,"['22', '1', '4', '14', '5', '3', '4', '15', '11']"
341,Pain in gums,6,"['21', '5', '13', '11', '3', '10']"
342,Bedwetting,8,"['20', '14', '14', '20', '4', '14', '20', '7']"
343,Diaper rash,10,"['25', '27', '16', '47', '28', '28', '6', '5', '31', '81']"
344,Lump or mass of breast,18,"['21', '77', '16', '13', '10', '89', '23', '8', '17', '61', '13', '20', '6', '30', '90', '11', '53', '21']"
345,Vaginal bleeding after menopause,4,"['76', '19', '53', '32']"
346,Infrequent menstruation,4,"['6', '2', '3', '28']"
347,Mass on vulva,5,"['6', '8', '16', '1', '2']"
348,Jaw pain,2,"['18', '10']"
349,Itching of scrotum,5,"['2', '2', '2', '2', '2']"
350,Postpartum problems of the breast,2,"['8', '21']"
351,Eyelid retracted,1,['2']
352,Hesitancy,3,"['8', '5', '23']"
353,Elbow lump or mass,2,"['8', '1']"
354,Muscle weakness,5,"['9', '34', '22', '2', '1']"
355,Throat redness,2,"['15', '9']"
356,Joint swelling,4,"['10', '4', '5', '1']"
357,Tongue pain,4,"['6', '3', '12', '22']"
358,Redness in or around nose,7,"['2', '3', '7', '2', '16', '8', '1']"
359,Wrinkles on skin,2,"['31', '49']"
360,Foot or toe weakness,4,"['26', '3', '22', '4']"
361,Hand or finger cramps or spasms,3,"['19', '13', '1']"
362,Back stiffness or tightness,4,"['6', '3', '9', '2']"
363,Wrist lump or mass,1,['34']
364,Skin pain,6,"['1', '1', '1', '10', '20', '12']"
365,Low back stiffness or tightness,2,"['2', '1']"
366,Low urine output,2,"['3', '2']"
367,Skin on head or neck looks infected,2,"['34', '19']"
368,Stuttering or stammering,1,['2']
369,Problems with orgasm,1,['14']
370,Nose deformity,1,['3']
371,Lump over jaw,1,['4']
372,Sore in nose,2,"['13', '9']"
373,Hip weakness,1,['2']
374,Back swelling,1,['1']
375,Ankle stiffness or tightness,2,"['2', '7']"
376,Ankle weakness,1,['3']
377,Neck weakness,1,['9']
